Movie_id,Movie_Name,UCASE(Country),Taken From Database at,
2,Dawn of Databases,IRISH,2025-11-04 19:39:25,
2,Dawn of Databases,AMERICAN,2025-11-04 19:39:25,
2,Dawn of Databases,BIKINI BOTTOM,2025-11-04 19:39:25,
2,Dawn of Databases,BRITISH,2025-11-04 19:39:25,
4,Darragh Gets an A,IRISH,2025-11-04 19:39:25,
4,Darragh Gets an A,AUSTRALIAN,2025-11-04 19:39:25,
4,Darragh Gets an A,AMERICAN,2025-11-04 19:39:25,
5,The Hungry Catapillar,BRITISH,2025-11-04 19:39:25,
5,The Hungry Catapillar,IRISH,2025-11-04 19:39:25,
5,The Hungry Catapillar,AMERICAN,2025-11-04 19:39:25,
5,The Hungry Catapillar,SWISS,2025-11-04 19:39:25,
6,The VERY Hungry Catapillar,AMERICAN,2025-11-04 19:39:25,
6,The VERY Hungry Catapillar,SWISS,2025-11-04 19:39:25,
6,The VERY Hungry Catapillar,AUSTRALIAN,2025-11-04 19:39:25,
6,The VERY Hungry Catapillar,BRITISH,2025-11-04 19:39:25,
7,Harry Potter,AMERICAN,2025-11-04 19:39:25,
7,Harry Potter,BIKINI BOTTOM,2025-11-04 19:39:25,
7,Harry Potter,SWISS,2025-11-04 19:39:25,
7,Harry Potter,IRISH,2025-11-04 19:39:25,
8,Harry Potter Back in the Habit,2,2025-11-04 19:39:25,
8,Harry Potter Back in the Habit,SWISS,2025-11-04 19:39:25,
8,Harry Potter Back in the Habit,AMERICAN,2025-11-04 19:39:25,
8,Harry Potter Back in the Habit,IRISH,2025-11-04 19:39:25,
9,Harry Potter and the SQL Resit,BRITISH,2025-11-04 19:39:25,
9,Harry Potter and the SQL Resit,AMERICAN,2025-11-04 19:39:25,
9,Harry Potter and the SQL Resit,IRISH,2025-11-04 19:39:25,
10,Chain Saw Man,BRITISH,2025-11-04 19:39:25,
10,Chain Saw Man,AMERICAN,2025-11-04 19:39:25,
10,Chain Saw Man,IRISH,2025-11-04 19:39:25,
10,Chain Saw Man,2,2025-11-04 19:39:25,
11,Chain Saw Boy,2,2025-11-04 19:39:25,
11,Chain Saw Boy,BRITISH,2025-11-04 19:39:25,
11,Chain Saw Boy,AMERICAN,2025-11-04 19:39:25,
11,Chain Saw Boy,IRISH,2025-11-04 19:39:25,
12,11,2,2025-11-04 19:39:25,
13,sample movie,2,2025-11-04 19:39:25,
13,sample movie,BRITISH,2025-11-04 19:39:25,
13,sample movie,AMERICAN,2025-11-04 19:39:25,
13,sample movie,IRISH,2025-11-04 19:39:25,
