Movie_id,Movie_Name,AVG AGE,Taken From Database at,
2,Dawn of Databases,39.0000,2025-11-04 19:39:23,
4,Darragh Gets an A,54.2500,2025-11-04 19:39:23,
5,The Hungry Catapillar,45.5000,2025-11-04 19:39:23,
6,The VERY Hungry Catapillar,49.0000,2025-11-04 19:39:23,
7,Harry Potter,43.2500,2025-11-04 19:39:23,
8,Harry Potter Back in the Habit,35.5000,2025-11-04 19:39:23,
9,Harry Potter and the SQL Resit,44.2500,2025-11-04 19:39:23,
10,Chain Saw Man,32.7500,2025-11-04 19:39:23,
11,Chain Saw Boy,32.7500,2025-11-04 19:39:23,
12,11,2.0000,2025-11-04 19:39:23,
13,sample movie,32.7500,2025-11-04 19:39:23,
